{"cameraMode":{"drawMode":0,"name":"Shaded","section":"Shading Mode"},"sceneLighting":true,"audioPlay":false,"sceneViewState":{"showFog":true,"showMaterialUpdate":false,"showSkybox":true,"showFlares":true,"showImageEffects":true,"showParticleSystems":true},"in2DMode":false,"pivot":{"x":2.870584726333618,"y":1.2558454275131226,"z":7.823434829711914},"rotation":{"x":-0.050218451768159869,"y":0.73275226354599,"z":-0.05440954864025116,"w":-0.6764702796936035},"size":0.26244261860847475,"orthographic":false}